{"island_feature_maps": [{"4-4": "b4df0905-8eac-4b44-a953-d8508258de10", "0-0": "040e9400-9c9c-4b33-a786-ef6685950493"}, {"0-0": "c9e643dd-d6a6-4fbc-ab94-7e9cf1406b86"}], "islands": [["040e9400-9c9c-4b33-a786-ef6685950493", "b4df0905-8eac-4b44-a953-d8508258de10", "c90fe2ae-bdb1-4b0b-a7e7-532a43ac6a69", "1e7266b6-2024-4719-838b-72430ea651b8"], ["e853f605-9f56-4449-b9dd-49141e93152b", "c9e643dd-d6a6-4fbc-ab94-7e9cf1406b86"]], "archive": ["040e9400-9c9c-4b33-a786-ef6685950493", "1e7266b6-2024-4719-838b-72430ea651b8", "e853f605-9f56-4449-b9dd-49141e93152b", "c9e643dd-d6a6-4fbc-ab94-7e9cf1406b86", "b4df0905-8eac-4b44-a953-d8508258de10", "c90fe2ae-bdb1-4b0b-a7e7-532a43ac6a69"], "best_program_id": "b4df0905-8eac-4b44-a953-d8508258de10", "island_best_programs": ["b4df0905-8eac-4b44-a953-d8508258de10", "c9e643dd-d6a6-4fbc-ab94-7e9cf1406b86"], "last_iteration": 5, "current_island": 0, "island_generations": [3, 2], "last_migration_generation": 0, "feature_stats": {"best_true_reward": {"min": -1000000000.0, "max": 0.06666666666666667, "values": [0.06666666666666667, -1000000000.0, -1000000000.0, -1000000000.0, -1000000000.0, -1000000000.0]}, "stability": {"min": 0.0, "max": 0.976800738265998, "values": [0.976800738265998, 0.0, 0.0, 0.0, 0.0, 0.0]}}}