{
  "strategy": "ocb",
  "seed": 42,
  "total_budget": 3600,
  "warmup_per_candidate": 120,
  "delta_per_round": 180,
  "update_unit": 10,
  "reward_models": [
    "/home/haosheng/FastReward/local_rms/OpenAssistant__reward-model-deberta-v3-base",
    "/home/haosheng/FastReward/local_rms/Ray2333__gpt2-large-helpful-reward_model",
    "heuristic"
  ],
  "reward_model_devices": [
    "cuda:0",
    "cuda:1",
    "cuda:0"
  ],
  "means": [
    [
      -0.31349343014390274,
      -0.6855292807563318,
      1.0359429832765275
    ],
    [
      -0.18031491020028867,
      -0.8224099247091591,
      1.1225885712413575
    ],
    [
      -1.226216786955758,
      2.046436025036959,
      -0.08144330474772862
    ],
    [
      0.19967980865371215,
      -1.9866533808667937,
      -0.8663334454334646
    ],
    [
      1.7788701294812714,
      -0.5893963315284366,
      -1.6425394321360012
    ],
    [
      -0.04221337349887258,
      -1.3057974210643069,
      0.46126320511426644
    ],
    [
      -0.8462813167713801,
      1.0875340444641324,
      -0.5531264744276057
    ],
    [
      0.6927859583003927,
      0.03812728651407771,
      1.010512831942165
    ],
    [
      1.3504416963755757,
      0.8972833306716381,
      0.7857123469297481
    ],
    [
      -1.0399619467642438,
      -1.1020589276118087,
      0.1674081428008151
    ],
    [
      -1.3735724772801583,
      -0.416272317035438,
      1.2792019749434207
    ],
    [
      1.7943404822982074,
      0.7669347787090339,
      -0.3291053251300875
    ],
    [
      1.135703806156519,
      0.022510850324225826,
      0.9315792296261347
    ],
    [
      1.4985085611235143,
      -1.6434682695420533,
      -0.2453270670784261
    ],
    [
      0.43507759488953135,
      -0.4086258982615666,
      -0.24458907522543874
    ],
    [
      0.9294935636502105,
      -0.28455246211274526,
      -0.4791773781533765
    ],
    [
      -0.9816718189596808,
      0.41305362372847537,
      -1.032924416517926
    ],
    [
      1.1044576548578044,
      -0.44299511087655064,
      0.14049664852267113
    ]
  ],
  "variances": [
    [
      1e-08,
      1e-08,
      1e-08
    ],
    [
      1e-08,
      1e-08,
      1e-08
    ],
    [
      1e-08,
      1e-08,
      1e-08
    ],
    [
      1e-08,
      1e-08,
      1e-08
    ],
    [
      1e-08,
      1e-08,
      1e-08
    ],
    [
      1e-08,
      1e-08,
      1e-08
    ],
    [
      1e-08,
      1e-08,
      1e-08
    ],
    [
      1e-08,
      1e-08,
      1e-08
    ],
    [
      1e-08,
      1e-08,
      1e-08
    ],
    [
      1e-08,
      1e-08,
      1e-08
    ],
    [
      1e-08,
      1e-08,
      1e-08
    ],
    [
      1e-08,
      1e-08,
      1e-08
    ],
    [
      1e-08,
      1e-08,
      1e-08
    ],
    [
      1e-08,
      1e-08,
      1e-08
    ],
    [
      1e-08,
      1e-08,
      1e-08
    ],
    [
      1e-08,
      1e-08,
      1e-08
    ],
    [
      1e-08,
      1e-08,
      1e-08
    ],
    [
      1e-08,
      1e-08,
      1e-08
    ]
  ],
  "allocations": [
    [
      60,
      40,
      80
    ],
    [
      70,
      30,
      80
    ],
    [
      30,
      80,
      70
    ],
    [
      80,
      20,
      80
    ],
    [
      80,
      70,
      30
    ],
    [
      80,
      20,
      80
    ],
    [
      40,
      80,
      60
    ],
    [
      50,
      50,
      80
    ],
    [
      80,
      50,
      50
    ],
    [
      60,
      50,
      70
    ],
    [
      30,
      70,
      80
    ],
    [
      80,
      80,
      20
    ],
    [
      70,
      50,
      60
    ],
    [
      80,
      20,
      80
    ],
    [
      80,
      50,
      50
    ],
    [
      80,
      60,
      40
    ],
    [
      60,
      70,
      50
    ],
    [
      80,
      30,
      70
    ]
  ],
  "best_idx": [
    2,
    2,
    1,
    0,
    0,
    2,
    1,
    2,
    0,
    2,
    2,
    0,
    0,
    0,
    0,
    0,
    1,
    0
  ]
}