{
  "strategy": "reward_adapted_ocba",
  "seed": 42,
  "total_budget": 3600,
  "warmup_per_candidate": 120,
  "delta_per_round": 180,
  "update_unit": 10,
  "reward_models": [
    "/home/haosheng/FastReward/local_rms/OpenAssistant__reward-model-deberta-v3-base",
    "/home/haosheng/FastReward/local_rms/Ray2333__gpt2-large-helpful-reward_model",
    "heuristic"
  ],
  "reward_model_devices": [
    "cuda:0",
    "cuda:1",
    "cuda:0"
  ],
  "means": [
    [
      -0.3098674161512518,
      0.2877135450107355,
      -0.3945954271424694
    ],
    [
      -0.1587008726874635,
      0.3436930327268549,
      -0.10275562519070325
    ],
    [
      0.1743714610101626,
      2.2646047544752115,
      -0.07405258153067397
    ],
    [
      -0.45928027721712084,
      -0.49890548036065424,
      -0.5311873831422865
    ],
    [
      1.6735645582884708,
      -1.3255327015161555,
      -0.06772136964523778
    ],
    [
      1.4707402292984755,
      -1.2242705465882782,
      0.3747532468552879
    ],
    [
      -0.5154460564788346,
      0.11899934688734143,
      -0.8730112033065723
    ],
    [
      0.5035671901306751,
      0.36678161851956925,
      -0.9714352851959116
    ],
    [
      0.6019971252250742,
      -0.46311949989575185,
      0.9437364508927732
    ],
    [
      -1.2069641567085296,
      -0.30442641276704574,
      -0.14608571950305016
    ],
    [
      -1.5499216086065137,
      -0.7405394019229672,
      0.8240569734986134
    ],
    [
      1.4460158653235708,
      0.4913171494744706,
      0.4631973990670378
    ],
    [
      1.9296514085129828,
      -0.4453235638689212,
      0.4667300719291835
    ],
    [
      0.24157938776423302,
      -1.6778075371558292,
      -0.4970125058030154
    ],
    [
      0.4602969752466532,
      0.24123188031242299,
      0.10396532430358606
    ],
    [
      0.821809681292771,
      -0.8591419405789258,
      -1.2175612418435309
    ],
    [
      -0.16586867227438737,
      2.02743555529031,
      -0.6191606909410698
    ],
    [
      2.0981930573831264,
      0.3500101853626815,
      -1.667178060774815
    ]
  ],
  "variances": [
    [
      1e-08,
      1e-08,
      1e-08
    ],
    [
      1e-08,
      1e-08,
      1e-08
    ],
    [
      1e-08,
      1e-08,
      1e-08
    ],
    [
      1e-08,
      1e-08,
      1e-08
    ],
    [
      1e-08,
      1e-08,
      1e-08
    ],
    [
      1e-08,
      1e-08,
      1e-08
    ],
    [
      1e-08,
      1e-08,
      1e-08
    ],
    [
      1e-08,
      1e-08,
      1e-08
    ],
    [
      1e-08,
      1e-08,
      1e-08
    ],
    [
      1e-08,
      1e-08,
      1e-08
    ],
    [
      1e-08,
      1e-08,
      1e-08
    ],
    [
      1e-08,
      1e-08,
      1e-08
    ],
    [
      1e-08,
      1e-08,
      1e-08
    ],
    [
      1e-08,
      1e-08,
      1e-08
    ],
    [
      1e-08,
      1e-08,
      1e-08
    ],
    [
      1e-08,
      1e-08,
      1e-08
    ],
    [
      1e-08,
      1e-08,
      1e-08
    ],
    [
      1e-08,
      1e-08,
      1e-08
    ]
  ],
  "allocations": [
    [
      70,
      70,
      40
    ],
    [
      40,
      70,
      70
    ],
    [
      70,
      70,
      40
    ],
    [
      90,
      80,
      10
    ],
    [
      80,
      20,
      80
    ],
    [
      90,
      0,
      90
    ],
    [
      80,
      80,
      20
    ],
    [
      90,
      90,
      0
    ],
    [
      90,
      0,
      90
    ],
    [
      0,
      90,
      90
    ],
    [
      20,
      80,
      80
    ],
    [
      60,
      60,
      60
    ],
    [
      80,
      20,
      80
    ],
    [
      90,
      0,
      90
    ],
    [
      80,
      80,
      20
    ],
    [
      70,
      70,
      40
    ],
    [
      70,
      70,
      40
    ],
    [
      80,
      90,
      10
    ]
  ],
  "best_idx": [
    1,
    1,
    1,
    0,
    0,
    0,
    1,
    0,
    2,
    2,
    2,
    0,
    0,
    0,
    0,
    0,
    1,
    0
  ]
}