{
  "strategy": "uniform",
  "seed": 42,
  "total_budget": 3600,
  "warmup_per_candidate": 120,
  "delta_per_round": 180,
  "update_unit": 10,
  "reward_models": [
    "/home/haosheng/FastReward/local_rms/OpenAssistant__reward-model-deberta-v3-base",
    "/home/haosheng/FastReward/local_rms/Ray2333__gpt2-large-helpful-reward_model",
    "heuristic"
  ],
  "reward_model_devices": [
    "cuda:0",
    "cuda:1",
    "cuda:0"
  ],
  "means": [
    [
      -1.1311045925353542,
      -0.15328786697303284,
      -0.664523542503149
    ],
    [
      0.5265660627403366,
      -0.3691727585606912,
      0.06858526505997893
    ],
    [
      0.045459530732413156,
      2.640505416215542,
      0.09846937426137982
    ],
    [
      -0.20301086357387566,
      0.3175772623731167,
      -0.29334947578173204
    ],
    [
      1.4879523084760258,
      0.11587667057479871,
      1.1190732301021336
    ],
    [
      -0.42434898617279854,
      -1.0866502292537386,
      0.335531125188114
    ],
    [
      -1.0483607870528018,
      -0.9010518786823171,
      -1.1658587555532467
    ],
    [
      0.6764605050771696,
      -1.0530469501213304,
      0.9630482880205122
    ],
    [
      0.23691714630988395,
      -0.39562485168202177,
      -0.08040376462467183
    ],
    [
      0.9185121636207044,
      -0.47629468937899644,
      -0.8066233729204386
    ],
    [
      -0.8943497990350581,
      -1.9957176076545626,
      0.8066106377364212
    ],
    [
      0.4656870033167126,
      0.4703997810814487,
      0.5549002417943145
    ],
    [
      0.8479870513069261,
      1.654777024247404,
      0.30108462337991276
    ],
    [
      0.18366794408124143,
      -1.9364102779284933,
      -0.37614788027196583
    ],
    [
      -0.7175768528200773,
      -0.5676335385904483,
      -0.4149053152292863
    ],
    [
      0.9499788399441981,
      0.05614516812426063,
      -1.0384148712503372
    ],
    [
      -0.4544017536047118,
      -0.11901577628106151,
      -0.0601152261030671
    ],
    [
      1.6614350934881277,
      -1.075409949606788,
      1.1637602159940157
    ]
  ],
  "variances": [
    [
      1e-08,
      1e-08,
      1e-08
    ],
    [
      1e-08,
      1e-08,
      1e-08
    ],
    [
      1e-08,
      1e-08,
      1e-08
    ],
    [
      1e-08,
      1e-08,
      1e-08
    ],
    [
      1e-08,
      1e-08,
      1e-08
    ],
    [
      1e-08,
      1e-08,
      1e-08
    ],
    [
      1e-08,
      1e-08,
      1e-08
    ],
    [
      1e-08,
      1e-08,
      1e-08
    ],
    [
      1e-08,
      1e-08,
      1e-08
    ],
    [
      1e-08,
      1e-08,
      1e-08
    ],
    [
      1e-08,
      1e-08,
      1e-08
    ],
    [
      1e-08,
      1e-08,
      1e-08
    ],
    [
      1e-08,
      1e-08,
      1e-08
    ],
    [
      1e-08,
      1e-08,
      1e-08
    ],
    [
      1e-08,
      1e-08,
      1e-08
    ],
    [
      1e-08,
      1e-08,
      1e-08
    ],
    [
      1e-08,
      1e-08,
      1e-08
    ],
    [
      1e-08,
      1e-08,
      1e-08
    ]
  ],
  "allocations": [
    [
      60,
      60,
      60
    ],
    [
      60,
      60,
      60
    ],
    [
      60,
      60,
      60
    ],
    [
      60,
      60,
      60
    ],
    [
      60,
      60,
      60
    ],
    [
      60,
      60,
      60
    ],
    [
      60,
      60,
      60
    ],
    [
      60,
      60,
      60
    ],
    [
      60,
      60,
      60
    ],
    [
      60,
      60,
      60
    ],
    [
      60,
      60,
      60
    ],
    [
      60,
      60,
      60
    ],
    [
      60,
      60,
      60
    ],
    [
      60,
      60,
      60
    ],
    [
      60,
      60,
      60
    ],
    [
      60,
      60,
      60
    ],
    [
      60,
      60,
      60
    ],
    [
      60,
      60,
      60
    ]
  ],
  "best_idx": [
    1,
    0,
    1,
    1,
    0,
    2,
    1,
    2,
    0,
    0,
    2,
    2,
    1,
    0,
    2,
    0,
    2,
    0
  ]
}