{"island_feature_maps": [{"4-4": "960d5147-55ca-4451-a62d-d690ac061d1e", "0-0": "350949ee-6349-4baa-9322-6dba2bf120d2"}, {"0-0": "03da92b1-5f82-452c-9292-9c998e62f16e"}], "islands": [["960d5147-55ca-4451-a62d-d690ac061d1e", "12e48a8a-a48e-49dc-b423-62517579def3", "da206f87-7598-4716-aec0-a9ede9e2fc0b", "67903d95-5257-4986-a03a-d026ed58b21e", "6267ddeb-1270-486e-9c0c-79fbcbc6242f", "350949ee-6349-4baa-9322-6dba2bf120d2"], ["85664935-d5ee-4d1e-b5e6-05e04970a8bd", "274bcfed-4174-4aea-92b3-992d924f8dc9", "03da92b1-5f82-452c-9292-9c998e62f16e", "11bb0e4f-5624-49b7-b2df-48e02172a826"]], "archive": ["960d5147-55ca-4451-a62d-d690ac061d1e", "12e48a8a-a48e-49dc-b423-62517579def3", "67903d95-5257-4986-a03a-d026ed58b21e", "6267ddeb-1270-486e-9c0c-79fbcbc6242f", "da206f87-7598-4716-aec0-a9ede9e2fc0b", "274bcfed-4174-4aea-92b3-992d924f8dc9", "03da92b1-5f82-452c-9292-9c998e62f16e", "350949ee-6349-4baa-9322-6dba2bf120d2", "85664935-d5ee-4d1e-b5e6-05e04970a8bd", "11bb0e4f-5624-49b7-b2df-48e02172a826"], "best_program_id": "960d5147-55ca-4451-a62d-d690ac061d1e", "island_best_programs": ["960d5147-55ca-4451-a62d-d690ac061d1e", "03da92b1-5f82-452c-9292-9c998e62f16e"], "last_iteration": 10, "current_island": 0, "island_generations": [5, 4], "last_migration_generation": 0, "feature_stats": {"best_true_reward": {"min": -1000000000.0, "max": -831.5500000000001, "values": [-831.5500000000001, -1000000000.0, -1000000000.0, -1000000000.0, -1000000000.0, -1000000000.0, -1000000000.0, -1000000000.0, -1000000000.0, -1000000000.0]}, "stability": {"min": 0.0, "max": 1.540059841668245e-05, "values": [1.540059841668245e-05, 0.0, 0.0, 0.0, 0.0, 0.0, 0.0, 0.0, 0.0, 0.0]}}}